id,date,value
1,2/1/1950,34.73
2,3/1/1950,34.73
3,4/1/1950,34.73
4,5/1/1950,34.73
5,6/1/1950,34.73
6,7/1/1950,34.73
7,8/1/1950,34.73
8,9/1/1950,34.73
9,10/1/1950,34.73
10,11/1/1950,34.73
11,12/1/1950,34.72
12,1/1/1951,34.72
13,2/1/1951,34.73
14,3/1/1951,34.73
15,4/1/1951,34.73
16,5/1/1951,34.73
17,6/1/1951,34.73
18,7/1/1951,34.72
19,8/1/1951,34.71
20,9/1/1951,34.71
21,10/1/1951,34.71
22,11/1/1951,34.73
23,12/1/1951,34.66
24,1/1/1952,34.49
25,2/1/1952,34.49
26,3/1/1952,34.68
27,4/1/1952,34.82
28,5/1/1952,34.73
29,6/1/1952,34.53
30,7/1/1952,34.57
31,8/1/1952,34.58
32,9/1/1952,34.51
33,10/1/1952,34.63
34,11/1/1952,34.72
35,12/1/1952,34.79
36,1/1/1953,34.88
37,2/1/1953,34.95
38,3/1/1953,34.92
39,4/1/1953,34.93
40,5/1/1953,34.9
41,6/1/1953,34.89
42,7/1/1953,34.91
43,8/1/1953,34.91
44,9/1/1953,34.76
45,10/1/1953,34.79
46,11/1/1953,34.86
47,12/1/1953,34.85
48,1/1/1954,34.86
49,2/1/1954,34.88
50,3/1/1954,34.92
51,4/1/1954,35.04
52,5/1/1954,35.08
53,6/1/1954,35.07
54,7/1/1954,35.08
55,8/1/1954,35.05
56,9/1/1954,35.08
57,10/1/1954,35.08
58,11/1/1954,35.06
59,12/1/1954,35.04
60,1/1/1955,35.04
61,2/1/1955,35.05
62,3/1/1955,35.06
63,4/1/1955,35.05
64,5/1/1955,35.05
65,6/1/1955,35.04
66,7/1/1955,35.05
67,8/1/1955,35.03
68,9/1/1955,34.98
69,10/1/1955,34.98
70,11/1/1955,34.98
71,12/1/1955,34.97
72,1/1/1956,34.99
73,2/1/1956,34.99
74,3/1/1956,34.99
75,4/1/1956,34.98
76,5/1/1956,34.99
77,6/1/1956,34.98
78,7/1/1956,35
79,8/1/1956,35.02
80,9/1/1956,35.01
81,10/1/1956,35.02
82,11/1/1956,34.98
83,12/1/1956,34.9
84,1/1/1957,34.88
85,2/1/1957,34.89
86,3/1/1957,34.91
87,4/1/1957,34.92
88,5/1/1957,34.93
89,6/1/1957,34.99
90,7/1/1957,34.99
91,8/1/1957,34.97
92,9/1/1957,34.96
93,10/1/1957,34.97
94,11/1/1957,34.97
95,12/1/1957,34.99
96,1/1/1958,35.01
97,2/1/1958,35.08
98,3/1/1958,35.09
99,4/1/1958,35.1
100,5/1/1958,35.11
101,6/1/1958,35.1
102,7/1/1958,35.11
103,8/1/1958,35.1
104,9/1/1958,35.1
105,10/1/1958,35.11
106,11/1/1958,35.1
107,12/1/1958,35.09
108,1/1/1959,35.07
109,2/1/1959,35.06
110,3/1/1959,35.06
111,4/1/1959,35.08
112,5/1/1959,35.12
113,6/1/1959,35.12
114,7/1/1959,35.13
115,8/1/1959,35.12
116,9/1/1959,35.13
117,10/1/1959,35.1
118,11/1/1959,35.06
119,12/1/1959,35.05
120,1/1/1960,35.09
121,2/1/1960,35.09
122,3/1/1960,35.09
123,4/1/1960,35.11
124,5/1/1960,35.1
125,6/1/1960,35.09
126,7/1/1960,35.1
127,8/1/1960,35.13
128,9/1/1960,35.22
129,10/1/1960,35.78
130,11/1/1960,35.82
131,12/1/1960,35.54
132,1/1/1961,35.56
133,2/1/1961,35.17
134,3/1/1961,35.08
135,4/1/1961,35.08
136,5/1/1961,35.06
137,6/1/1961,35.07
138,7/1/1961,35.11
139,8/1/1961,35.16
140,9/1/1961,35.19
141,10/1/1961,35.19
142,11/1/1961,35.19
143,12/1/1961,35.15
144,1/1/1962,35.16
145,2/1/1962,35.13
146,3/1/1962,35.09
147,4/1/1962,35.08
148,5/1/1962,35.08
149,6/1/1962,35.1
150,7/1/1962,35.12
151,8/1/1962,35.12
152,9/1/1962,35.13
153,10/1/1962,35.14
154,11/1/1962,35.09
155,12/1/1962,35.08
156,1/1/1963,35.06
157,2/1/1963,35.08
158,3/1/1963,35.1
159,4/1/1963,35.1
160,5/1/1963,35.08
161,6/1/1963,35.08
162,7/1/1963,35.09
163,8/1/1963,35.1
164,9/1/1963,35.08
165,10/1/1963,35.08
166,11/1/1963,35.08
167,12/1/1963,35.08
168,1/1/1964,35.08
169,2/1/1964,35.08
170,3/1/1964,35.08
171,4/1/1964,35.08
172,5/1/1964,35.08
173,6/1/1964,35.08
174,7/1/1964,35.08
175,8/1/1964,35.08
176,9/1/1964,35.09
177,10/1/1964,35.11
178,11/1/1964,35.1
179,12/1/1964,35.12
180,1/1/1965,35.13
181,2/1/1965,35.14
182,3/1/1965,35.16
183,4/1/1965,35.14
184,5/1/1965,35.1
185,6/1/1965,35.1
186,7/1/1965,35.12
187,8/1/1965,35.15
188,9/1/1965,35.14
189,10/1/1965,35.11
190,11/1/1965,35.11
191,12/1/1965,35.13
192,1/1/1966,35.15
193,2/1/1966,35.17
194,3/1/1966,35.15
195,4/1/1966,35.13
196,5/1/1966,35.12
197,6/1/1966,35.15
198,7/1/1966,35.18
199,8/1/1966,35.18
200,9/1/1966,35.19
201,10/1/1966,35.16
202,11/1/1966,35.16
203,12/1/1966,35.18
204,1/1/1967,35.18
205,2/1/1967,35.17
206,3/1/1967,35.16
207,4/1/1967,35.17
208,5/1/1967,35.18
209,6/1/1967,35.19
210,7/1/1967,35.19
211,8/1/1967,35.19
212,9/1/1967,35.19
213,10/1/1967,35.19
214,11/1/1967,35.2
215,12/1/1967,35.19
216,1/1/1968,35.18
217,2/1/1968,35.2
218,3/1/1968,35.2
219,4/1/1968,37.878
220,5/1/1968,40.691
221,6/1/1968,41.111
222,7/1/1968,39.53
223,8/1/1968,39.17
224,9/1/1968,40.203
225,10/1/1968,39.21
226,11/1/1968,39.795
227,12/1/1968,41.113
228,1/1/1969,42.291
229,2/1/1969,42.616
230,3/1/1969,43.171
231,4/1/1969,43.295
232,5/1/1969,43.461
233,6/1/1969,41.442
234,7/1/1969,41.755
235,8/1/1969,41.128
236,9/1/1969,40.865
237,10/1/1969,40.476
238,11/1/1969,37.452
239,12/1/1969,35.189
240,1/1/1970,34.946
241,2/1/1970,34.994
242,3/1/1970,35.089
243,4/1/1970,35.623
244,5/1/1970,35.958
245,6/1/1970,35.437
246,7/1/1970,35.329
247,8/1/1970,35.377
248,9/1/1970,36.196
249,10/1/1970,37.553
250,11/1/1970,37.455
251,12/1/1970,37.434
252,1/1/1971,37.868
253,2/1/1971,38.716
254,3/1/1971,38.873
255,4/1/1971,39.001
256,5/1/1971,40.493
257,6/1/1971,40.105
258,7/1/1971,40.929
259,8/1/1971,42.722
260,9/1/1971,41.976
261,10/1/1971,42.473
262,11/1/1971,42.842
263,12/1/1971,43.455
264,1/1/1972,45.64
265,2/1/1972,48.237
266,3/1/1972,48.288
267,4/1/1972,49.026
268,5/1/1972,54.5
269,6/1/1972,62.17
270,7/1/1972,65.558
271,8/1/1972,66.917
272,9/1/1972,65.589
273,10/1/1972,64.824
274,11/1/1972,62.726
275,12/1/1972,63.779
276,1/1/1973,65.127
277,2/1/1973,73.971
278,3/1/1973,84.105
279,4/1/1973,90.441
280,5/1/1973,101.623
281,6/1/1973,119.8
282,7/1/1973,120.364
283,8/1/1973,106.225
284,9/1/1973,103.034
285,10/1/1973,99.923
286,11/1/1973,94.645
287,12/1/1973,106.236
288,1/1/1974,129.027
289,2/1/1974,150
290,3/1/1974,168.298
291,4/1/1974,172.243
292,5/1/1974,163.568
293,6/1/1974,154.013
294,7/1/1974,142.283
295,8/1/1974,154.362
296,9/1/1974,151.66
297,10/1/1974,158.533
298,11/1/1974,181.483
299,12/1/1974,183.683
300,1/1/1975,176.864
301,2/1/1975,179.553
302,3/1/1975,178.203
303,4/1/1975,170.066
304,5/1/1975,167.293
305,6/1/1975,164.25
306,7/1/1975,164.867
307,8/1/1975,163.168
308,9/1/1975,144.311
309,10/1/1975,142.691
310,11/1/1975,142.565
311,12/1/1975,139.279
312,1/1/1976,131.695
313,2/1/1976,130.94
314,3/1/1976,132.676
315,4/1/1976,127.91
316,5/1/1976,126.913
317,6/1/1976,125.684
318,7/1/1976,117.866
319,8/1/1976,110.055
320,9/1/1976,114.098
321,10/1/1976,116.095
322,11/1/1976,130.341
323,12/1/1976,133.674
324,1/1/1977,132.306
325,2/1/1977,136.163
326,3/1/1977,148.339
327,4/1/1977,149.184
328,5/1/1977,146.536
329,6/1/1977,140.828
330,7/1/1977,143.383
331,8/1/1977,145.009
332,9/1/1977,149.334
333,10/1/1977,158.848
334,11/1/1977,162.132
335,12/1/1977,160.48
336,1/1/1978,173.207
337,2/1/1978,178.36
338,3/1/1978,183.771
339,4/1/1978,175.323
340,5/1/1978,176.19
341,6/1/1978,183.761
342,7/1/1978,188.569
343,8/1/1978,206.455
344,9/1/1978,212.212
345,10/1/1978,227.432
346,11/1/1978,207.082
347,12/1/1978,207.895
348,1/1/1979,226.986
349,2/1/1979,245.59
350,3/1/1979,242.348
351,4/1/1979,239.174
352,5/1/1979,257.738
353,6/1/1979,279.36
354,7/1/1979,295.009
355,8/1/1979,300.793
356,9/1/1979,354.498
357,10/1/1979,390.959
358,11/1/1979,391.518
359,12/1/1979,463.666
360,1/1/1980,674.58
361,2/1/1980,665.893
362,3/1/1980,554.276
363,4/1/1980,516.71
364,5/1/1980,514.268
365,6/1/1980,600.786
366,7/1/1980,645.75
367,8/1/1980,626.36
368,9/1/1980,673.941
369,10/1/1980,662.27
370,11/1/1980,623.875
371,12/1/1980,596.712
372,1/1/1981,557.813
373,2/1/1981,500.8
374,3/1/1981,499.693
375,4/1/1981,496.625
376,5/1/1981,480.316
377,6/1/1981,460.5
378,7/1/1981,409.284
379,8/1/1981,410.24
380,9/1/1981,443.773
381,10/1/1981,437.68
382,11/1/1981,413.405
383,12/1/1981,410.119
384,1/1/1982,384.163
385,2/1/1982,374.458
386,3/1/1982,330.413
387,4/1/1982,350.335
388,5/1/1982,334.505
389,6/1/1982,314.961
390,7/1/1982,337.895
391,8/1/1982,363.413
392,9/1/1982,438.15
393,10/1/1982,422.786
394,11/1/1982,415.114
395,12/1/1982,444.776
396,1/1/1983,481.838
397,2/1/1983,493.488
398,3/1/1983,420.707
399,4/1/1983,433.171
400,5/1/1983,437.393
401,6/1/1983,413.148
402,7/1/1983,422.645
403,8/1/1983,416.205
404,9/1/1983,412.245
405,10/1/1983,394.245
406,11/1/1983,381.016
407,12/1/1983,388.06
408,1/1/1984,370.735
409,2/1/1984,386.038
410,3/1/1984,394.743
411,4/1/1984,381.371
412,5/1/1984,376.957
413,6/1/1984,378.314
414,7/1/1984,347.598
415,8/1/1984,347.677
416,9/1/1984,340.945
417,10/1/1984,340.217
418,11/1/1984,341.286
419,12/1/1984,319.622
420,1/1/1985,302.852
421,2/1/1985,299.833
422,3/1/1985,303.205
423,4/1/1985,324.883
424,5/1/1985,316.395
425,6/1/1985,316.298
426,7/1/1985,317.202
427,8/1/1985,330.131
428,9/1/1985,323.764
429,10/1/1985,326.093
430,11/1/1985,325.548
431,12/1/1985,321.985
432,1/1/1986,345.561
433,2/1/1986,339.053
434,3/1/1986,346.095
435,4/1/1986,340.716
436,5/1/1986,342.325
437,6/1/1986,342.798
438,7/1/1986,348.554
439,8/1/1986,376.29
440,9/1/1986,418.152
441,10/1/1986,423.863
442,11/1/1986,396.983
443,12/1/1986,391.595
444,1/1/1987,408.524
445,2/1/1987,401.045
446,3/1/1987,408.848
447,4/1/1987,439.665
448,5/1/1987,461.65
449,6/1/1987,449.282
450,7/1/1987,450.33
451,8/1/1987,460.988
452,9/1/1987,460.12
453,10/1/1987,465.764
454,11/1/1987,468.14
455,12/1/1987,487.079
456,1/1/1988,477.758
457,2/1/1988,442.124
458,3/1/1988,443.491
459,4/1/1988,451.558
460,5/1/1988,451.32
461,6/1/1988,451.657
462,7/1/1988,437.452
463,8/1/1988,431.064
464,9/1/1988,413.439
465,10/1/1988,406.39
466,11/1/1988,419.966
467,12/1/1988,419.248
468,1/1/1989,404.445
469,2/1/1989,387.973
470,3/1/1989,390.274
471,4/1/1989,384.72
472,5/1/1989,371.35
473,6/1/1989,367.727
474,7/1/1989,375.21
475,8/1/1989,365.548
476,9/1/1989,361.798
477,10/1/1989,366.8
478,11/1/1989,394.361
479,12/1/1989,409.655
480,1/1/1990,410.118
481,2/1/1990,416.543
482,3/1/1990,393.661
483,4/1/1990,374.929
484,5/1/1990,368.855
485,6/1/1990,352.657
486,7/1/1990,361.82
487,8/1/1990,394.861
488,9/1/1990,389.56
489,10/1/1990,381.333
490,11/1/1990,381.866
491,12/1/1990,378.161
492,1/1/1991,384.591
493,2/1/1991,363.748
494,3/1/1991,363.39
495,4/1/1991,358.055
496,5/1/1991,357.117
497,6/1/1991,366.36
498,7/1/1991,368.013
499,8/1/1991,356.721
500,9/1/1991,348.46
501,10/1/1991,358.826
502,11/1/1991,359.96
503,12/1/1991,361.875
504,1/1/1992,354.436
505,2/1/1992,353.853
506,3/1/1992,344.641
507,4/1/1992,338.728
508,5/1/1992,337.039
509,6/1/1992,340.784
510,7/1/1992,352.452
511,8/1/1992,343.603
512,9/1/1992,345.3
513,10/1/1992,344.277
514,11/1/1992,334.924
515,12/1/1992,334.657
516,1/1/1993,328.993
517,2/1/1993,329.31
518,3/1/1993,329.974
519,4/1/1993,341.948
520,5/1/1993,367.045
521,6/1/1993,371.914
522,7/1/1993,392.034
523,8/1/1993,379.795
524,9/1/1993,355.561
525,10/1/1993,364.005
526,11/1/1993,373.939
527,12/1/1993,383.243
528,1/1/1994,387.11
529,2/1/1994,381.658
530,3/1/1994,384
531,4/1/1994,377.908
532,5/1/1994,381.343
533,6/1/1994,385.714
534,7/1/1994,385.45
535,8/1/1994,380.207
536,9/1/1994,391.348
537,10/1/1994,390.164
538,11/1/1994,384.377
539,12/1/1994,379.48
540,1/1/1995,378.738
541,2/1/1995,376.745
542,3/1/1995,381.82
543,4/1/1995,391.339
544,5/1/1995,385.231
545,6/1/1995,387.618
546,7/1/1995,386.138
547,8/1/1995,383.502
548,9/1/1995,382.931
549,10/1/1995,383.202
550,11/1/1995,385.209
551,12/1/1995,387.445
552,1/1/1996,398.695
553,2/1/1996,404.919
554,3/1/1996,396.512
555,4/1/1996,392.87
556,5/1/1996,391.99
557,6/1/1996,385.245
558,7/1/1996,383.457
559,8/1/1996,387.51
560,9/1/1996,383.29
561,10/1/1996,380.909
562,11/1/1996,377.869
563,12/1/1996,369.338
564,1/1/1997,355.025
565,2/1/1997,346.4
566,3/1/1997,352.311
567,4/1/1997,344.707
568,5/1/1997,344.1
569,6/1/1997,340.805
570,7/1/1997,323.78
571,8/1/1997,323.998
572,9/1/1997,322.616
573,10/1/1997,324.863
574,11/1/1997,306.345
575,12/1/1997,288.776
576,1/1/1998,289.264
577,2/1/1998,297.743
578,3/1/1998,295.87
579,4/1/1998,308.558
580,5/1/1998,298.971
581,6/1/1998,292.223
582,7/1/1998,292.874
583,8/1/1998,284.228
584,9/1/1998,288.661
585,10/1/1998,296.595
586,11/1/1998,294.243
587,12/1/1998,291.357
588,1/1/1999,287.333
589,2/1/1999,287.495
590,3/1/1999,286.243
591,4/1/1999,282.62
592,5/1/1999,276.932
593,6/1/1999,261.402
594,7/1/1999,256.198
595,8/1/1999,256.936
596,9/1/1999,264.47
597,10/1/1999,311.562
598,11/1/1999,293.65
599,12/1/1999,283.743
600,1/1/2000,284.59
601,2/1/2000,300.855
602,3/1/2000,286.704
603,4/1/2000,279.961
604,5/1/2000,275.293
605,6/1/2000,285.368
606,7/1/2000,282.152
607,8/1/2000,274.523
608,9/1/2000,273.676
609,10/1/2000,270.405
610,11/1/2000,265.989
611,12/1/2000,271.892
612,1/1/2001,265.934
613,2/1/2001,262.018
614,3/1/2001,263.273
615,4/1/2001,260.75
616,5/1/2001,272.057
617,6/1/2001,270.738
618,7/1/2001,267.707
619,8/1/2001,272.657
620,9/1/2001,282.478
621,10/1/2001,283.322
622,11/1/2001,276.248
623,12/1/2001,275.992
624,1/1/2002,281.764
625,2/1/2002,295.683
626,3/1/2002,294.353
627,4/1/2002,302.862
628,5/1/2002,314.48
629,6/1/2002,321.536
630,7/1/2002,313.567
631,8/1/2002,310.045
632,9/1/2002,318.8
633,10/1/2002,316.748
634,11/1/2002,319.255
635,12/1/2002,333.3
636,1/1/2003,356.864
637,2/1/2003,359.575
638,3/1/2003,341.564
639,4/1/2003,328.208
640,5/1/2003,355.405
641,6/1/2003,356.912
642,7/1/2003,350.765
643,8/1/2003,358.993
644,9/1/2003,378.859
645,10/1/2003,379.093
646,11/1/2003,390.2
647,12/1/2003,407.674
648,1/1/2004,414.495
649,2/1/2004,404.73
650,3/1/2004,405.976
651,4/1/2004,404.85
652,5/1/2004,383.953
653,6/1/2004,391.78
654,7/1/2004,398.441
655,8/1/2004,400.133
656,9/1/2004,405.402
657,10/1/2004,420.21
658,11/1/2004,439.059
659,12/1/2004,442.974
660,1/1/2005,424.08
661,2/1/2005,423.43
662,3/1/2005,434.355
663,4/1/2005,429.14
664,5/1/2005,422.903
665,6/1/2005,430.302
666,7/1/2005,424.745
667,8/1/2005,437.773
668,9/1/2005,455.936
669,10/1/2005,470.107
670,11/1/2005,476.668
671,12/1/2005,509.423
672,1/1/2006,549.433
673,2/1/2006,555.518
674,3/1/2006,557.215
675,4/1/2006,611.853
676,5/1/2006,676.769
677,6/1/2006,597.898
678,7/1/2006,633.093
679,8/1/2006,631.557
680,9/1/2006,600.15
681,10/1/2006,586.648
682,11/1/2006,626.825
683,12/1/2006,629.513
684,1/1/2007,630.352
685,2/1/2007,665.103
686,3/1/2007,655.891
687,4/1/2007,680.008
688,5/1/2007,668.31
689,6/1/2007,655.714
690,7/1/2007,665.266
691,8/1/2007,664.53
692,9/1/2007,710.645
693,10/1/2007,754.48
694,11/1/2007,808.311
695,12/1/2007,803.618
696,1/1/2008,887.784
697,2/1/2008,924.283
698,3/1/2008,971.055
699,4/1/2008,911.6
700,5/1/2008,889.125
701,6/1/2008,889.536
702,7/1/2008,941.167
703,8/1/2008,840.388
704,9/1/2008,824.92
705,10/1/2008,812.815
706,11/1/2008,757.85
707,12/1/2008,819.94
708,1/1/2009,857.726
709,2/1/2009,939.763
710,3/1/2009,925.989
711,4/1/2009,892.663
712,5/1/2009,926.855
713,6/1/2009,947.807
714,7/1/2009,934.272
715,8/1/2009,949.5
716,9/1/2009,996.443
717,10/1/2009,1043.511
718,11/1/2009,1126.119
719,12/1/2009,1135.012
720,1/1/2010,1119.575
721,2/1/2010,1095.8
722,3/1/2010,1115.554
723,4/1/2010,1148.475
724,5/1/2010,1204.321
725,6/1/2010,1232.382
726,7/1/2010,1196
727,8/1/2010,1213.464
728,9/1/2010,1271.461
729,10/1/2010,1343.19
730,11/1/2010,1371.784
731,12/1/2010,1393.512
732,1/1/2011,1360.475
733,2/1/2011,1371.313
734,3/1/2011,1422.848
735,4/1/2011,1474.431
736,5/1/2011,1512.188
737,6/1/2011,1528.38
738,7/1/2011,1568.526
739,8/1/2011,1759.5
740,9/1/2011,1780.648
741,10/1/2011,1667.893
742,11/1/2011,1735.977
743,12/1/2011,1652.725
744,1/1/2012,1656.095
745,2/1/2012,1743.095
746,3/1/2012,1675.057
747,4/1/2012,1648.539
748,5/1/2012,1585.114
749,6/1/2012,1595.632
750,7/1/2012,1592.784
751,8/1/2012,1625.682
752,9/1/2012,1741.925
753,10/1/2012,1746.348
754,11/1/2012,1724.352
755,12/1/2012,1687.342
756,1/1/2013,1671.886
757,2/1/2013,1630.688
758,3/1/2013,1591.013
759,4/1/2013,1485.905
760,5/1/2013,1416.143
761,6/1/2013,1342.7
762,7/1/2013,1284.348
763,8/1/2013,1345.048
764,9/1/2013,1348.464
765,10/1/2013,1314.402
766,11/1/2013,1277.417
767,12/1/2013,1221.588
768,1/1/2014,1243.068
769,2/1/2014,1298.713
770,3/1/2014,1336.56
771,4/1/2014,1299.175
772,5/1/2014,1288.913
773,6/1/2014,1277.857
774,7/1/2014,1312.989
775,8/1/2014,1297.005
776,9/1/2014,1241.33
777,10/1/2014,1223.565
778,11/1/2014,1176.413
779,12/1/2014,1200.44
780,1/1/2015,1249.333
781,2/1/2015,1231.1
782,3/1/2015,1180.636
783,4/1/2015,1198.253
784,5/1/2015,1197.684
785,6/1/2015,1182.248
786,7/1/2015,1131.58
787,8/1/2015,1117.525
788,9/1/2015,1124.905
789,10/1/2015,1157.123
790,11/1/2015,1088.388
791,12/1/2015,1068.317
792,1/1/2016,1095.655
793,2/1/2016,1194.893
794,3/1/2016,1246.312
795,4/1/2016,1241.452
796,5/1/2016,1259.755
797,6/1/2016,1273.58
798,7/1/2016,1337.429
799,8/1/2016,1340.861
800,9/1/2016,1326.618
801,10/1/2016,1268.929
802,11/1/2016,1240.293
803,12/1/2016,1152.165
804,1/1/2017,1192.648
805,2/1/2017,1233.39
806,3/1/2017,1231.063
807,4/1/2017,1267.15
808,5/1/2017,1245.25
809,6/1/2017,1261.277
810,7/1/2017,1235.1
811,8/1/2017,1281.72
812,9/1/2017,1317.045
813,10/1/2017,1280.677
814,11/1/2017,1283.189
815,12/1/2017,1265.674
816,1/1/2018,1332.809
817,2/1/2018,1333.775
818,3/1/2018,1317.9
819,5/1/2018,1323.9
820,6/1/2018,1313.2
821,8/1/2018,1305.4
822,9/1/2018,1250.5
823,10/1/2018,1221
824,11/1/2018,1202.5
825,12/1/2018,1187.3
826,1/1/2019,1215
827,2/1/2019,1217.6
828,3/1/2019,1279
829,4/1/2019,1323.3
830,5/1/2019,1319.2
831,6/1/2019,1295.4
832,7/1/2019,1282.3
833,8/1/2019,1295.6
834,10/1/2019,1409
835,11/1/2019,1427.6
836,1/1/2020,1528.4
837,2/1/2020,1485.3
838,4/1/2020,1511
839,5/1/2020,1460.2
840,6/1/2020,1514.8
841,7/1/2020,1584.2
842,8/1/2020,1609.9
843,9/1/2020,1609
844,10/1/2020,1702.8
845,12/1/2020,1728.7
846,1/1/2021,1768.1
847,2/1/2021,1964.9
848,3/1/2021,1957.4
849,4/1/2021,1886.9
850,5/1/2021,1881.9
851,6/1/2021,1762.6
852,7/1/2021,1887.6
853,9/1/2021,1863.8
854,10/1/2021,1742.9
855,11/1/2021,1691.1
856,12/1/2021,1767.7
857,1/1/2022,1900
858,2/1/2022,1763.2
859,3/1/2022,1825.8
860,4/1/2022,1909.3
861,6/1/2022,1804.1
862,7/1/2022,1762.9
863,8/1/2022,1712.8
864,9/1/2022,1662.4
865,10/1/2022,1635.9
866,11/1/2022,1746
867,12/1/2022,1819.7
868,2/1/2023,1828.9
869,3/1/2023,1969
870,4/1/2023,1990.1
871,5/1/2023,1963.9
872,6/1/2023,1921.1
873,7/1/2023,1970.5
874,8/1/2023,1938.2
875,9/1/2023,1848.1
876,11/1/2023,2038.1
877,12/1/2023,2062.4
878,1/1/2024,2048.4
879,2/1/2024,2045.7
880,3/1/2024,2217.4
881,4/1/2024,2291.4
882,5/1/2024,2389.2
,,
,,
,,
,,
,,
,,
,,
,,
,,
,,
,,
,,
,,
,,
,,
,,
,,
,,
,,
,,
,,
,,
,,
,,
,,
,,
,,
,,
,,
,,
,,
,,
,,
,,
,,
,,
,,
,,
,,
,,
,,
,,
,,
,,
,,
,,
,,
,,
,,
,,
,,
,,
,,
,,
,,
,,
,,
,,
,,
,,
,,
,,
,,
,,
,,
,,
,,
,,
,,
,,
,,
,,
,,
,,
,,
,,
,,
,,
,,
,,
,,
,,
,,
,,
,,
,,
,,
,,
,,
,,
,,
,,
,,
,,
,,
,,
,,
,,
,,
,,
,,
,,
,,
,,
,,
,,
,,
,,
,,
,,
,,
,,
,,
,,
,,
,,
,,
,,
,,
,,
,,
,,
,,
,,
,,
,,
,,
,,
,,
,,
,,
,,
,,
,,
,,
,,
,,
,,
,,
,,
,,
,,
,,
,,
,,
,,
,,
,,
,,
,,
,,
,,
,,
,,
,,
,,
,,
,,
,,
,,
,,
,,
,,
,,
,,
,,
,,
,,
,,
,,
,,
,,
,,
,,
,,
,,
,,
,,
,,
,,
,,
,,
,,
,,
,,
,,
,,
,,
,,
,,
,,
,,
,,
,,
,,
,,
,,
,,
,,
,,
,,
,,
,,
,,
,,
,,
,,
,,
,,
,,
,,
,,
,,
,,
,,
,,
,,
,,
,,
,,
,,
,,
,,
,,
,,
,,
,,
,,
,,
,,
,,
,,
,,
,,
,,
,,
,,
,,
,,
,,
,,
,,
,,
,,
,,
,,
,,
,,
,,
,,
,,
,,
,,
,,
,,
,,
,,
,,
,,
,,
,,
,,
,,
,,
,,
,,
,,
,,
,,
,,
,,
,,
,,
,,
,,
,,
,,
,,
,,
,,
,,
,,
,,
,,
,,
,,
,,
,,
,,
,,
,,
,,
,,
,,
,,
,,
,,
,,
,,
,,
,,
,,
,,
,,
,,
,,
,,
,,
,,
,,
,,
,,
,,
,,
,,
,,
,,
,,
,,
,,
,,
,,
,,
,,
,,
,,
,,
,,
,,
,,
,,
,,
,,
,,
,,
,,
,,
,,
,,
,,
,,
,,
,,
,,
,,
,,
,,
,,
,,
,,
,,
,,
,,
,,
,,
,,
,,
,,
,,
,,
,,
,,
,,
,,
,,
,,
,,
,,
,,
,,
,,
,,
,,
,,
,,
,,
,,
,,
,,
,,
,,
,,
,,
,,
,,
,,
,,
,,
,,
,,
,,
,,
,,
,,
,,
,,
,,
,,
,,
,,
,,
,,
,,
,,
,,
,,
,,
,,
,,
,,
,,
,,
,,
,,
,,
,,
,,
,,
,,
,,
,,
,,
,,
,,
,,
,,
,,
,,
,,
,,
,,
,,
,,
,,
,,
,,
,,
,,
,,
,,
,,
,,
,,
,,
,,
,,
,,
,,
,,
,,
,,
,,
,,
,,
,,
,,
,,
,,
,,
,,
,,
,,
,,
,,
,,
,,
,,
,,
,,
,,
,,
,,
,,
,,
,,
,,
,,
,,
,,
,,
,,
,,
,,
,,
,,
,,
,,
,,
,,
,,
,,
,,
,,
,,
,,
,,
,,
,,
,,
,,
,,
,,
,,
,,
,,
,,
,,
,,
,,
,,
,,
,,
,,
,,
,,
,,
,,
,,
,,
,,
,,
,,
,,
,,
,,
,,
,,
,,
,,
,,
,,
,,
,,
,,
,,
,,
,,
,,
,,
,,
,,
,,
,,
,,
,,
,,
,,
,,
,,
,,
,,
,,
,,
,,
,,
,,
,,
,,
,,
,,
,,
,,
,,
,,
,,
,,
,,
,,
,,
,,
,,
,,
,,
,,
,,
,,
,,
,,
,,
,,
,,
,,
,,
,,
,,
,,
,,
,,
,,
,,
,,
,,
,,
,,
,,
,,
,,
,,
,,
,,
,,
,,
,,
,,
,,
,,
,,
,,
,,
,,
,,
,,
,,
,,
,,
,,
,,
,,
,,
,,
,,
,,
,,
,,
,,
,,
,,
,,
,,
,,
,,
,,
,,
,,
,,
,,
,,
,,
,,
,,
,,
,,
,,
,,
,,
,,
,,
,,
,,
,,
,,
,,
,,
,,
,,
,,
,,
,,
,,
,,
,,
,,
,,
,,
,,
,,
,,
,,
,,
,,
,,
,,
,,
,,
,,
,,
,,
,,
,,
,,
,,
,,
,,
,,
,,
,,
,,
,,
,,
,,
,,
,,
,,
,,
,,
,,
,,
,,
,,
,,
,,
,,
,,
,,
,,
,,
,,
,,
,,
,,
,,
,,
,,
,,
,,
,,
,,
,,
,,
,,
,,
,,
,,
,,
,,
,,
,,
,,
,,
,,
,,
,,
,,
,,
,,
,,
,,
,,
,,
,,
,,
,,
,,
,,
,,
,,
,,
,,
,,
,,
,,
,,
,,
,,
,,
,,
,,
,,
,,
,,
,,
,,
,,
,,
,,
,,
,,
,,
,,
,,
,,
,,
,,
,,
,,
,,
,,
,,
,,
,,
,,
,,
,,
,,
,,
,,
,,
,,
,,
,,
,,
,,
,,
,,
,,
,,
,,
,,
,,
,,
,,
,,
,,
,,
,,
,,
,,
,,
,,
,,
,,
,,
,,
,,
,,
,,
,,
,,
,,
,,
,,
,,
,,
,,
,,
,,
,,
,,
,,
,,
,,
,,
,,
,,
,,
,,
,,
,,
,,
,,
,,
,,
,,
,,
,,
,,
,,
,,
,,
,,
,,
,,
,,
,,
,,
,,
,,
,,
,,
,,
,,
,,
,,
,,
,,
,,
,,
,,
,,
,,
,,
,,
,,
,,
,,
,,
,,
,,
,,
,,
,,
,,
,,
,,
,,
,,
,,
,,
,,
,,
,,
,,
,,
,,
,,
,,
,,
,,
,,
,,
,,
,,
,,
,,
,,
,,
,,
,,
,,
,,
,,
,,
,,
,,
,,
,,
,,
,,
,,
,,
,,
,,
,,
,,
,,
,,
,,
,,
,,
,,
,,
,,
,,
,,
,,
,,
,,
,,
,,
,,
,,
,,
,,
,,
,,
,,
,,
,,
,,
,,
,,
,,
,,
,,
,,
,,
,,
,,
,,
,,
,,
,,
,,
,,
,,
,,
,,
,,
,,
,,
,,
,,
,,
,,
,,
,,
,,
,,
,,
,,
,,
,,
,,
,,
,,
,,
,,
,,
,,
,,
,,
,,
,,
,,
,,
,,
,,
,,
,,
,,
,,
,,
,,
,,
,,
,,
,,
,,
,,
,,
,,
,,
,,
,,
,,
,,
,,
,,
,,
,,
,,
,,
,,
,,
,,
,,
,,
,,
,,
,,
,,
,,
,,
,,
,,
,,
,,
,,
,,
,,
,,
,,
,,
,,
,,
,,
,,
,,
,,
,,
,,
,,
,,
,,
,,
,,
,,
,,
,,
,,
,,
,,
,,
,,
,,
,,
,,
,,
,,
,,
,,
,,
,,
,,
,,
,,
,,
,,
,,
,,
,,
,,
,,
,,
,,
,,
,,
,,
,,
,,
,,
,,
,,
,,
,,
,,
,,
,,
,,
,,
,,
,,
,,
,,
,,
,,
,,
,,
,,
,,
,,
,,
,,
,,
,,
,,
,,
,,
,,
,,
,,
,,
,,
,,
,,
,,
,,
,,
,,
,,
,,
,,
,,
,,
,,
,,
,,
,,
,,
,,
,,
,,
,,
,,
,,
,,
,,
,,
,,
,,
,,
,,
,,
,,
,,
,,
,,
,,
,,
,,
,,
,,
,,
,,
,,
,,
,,
,,
,,
,,
,,
,,
,,
,,
,,
,,
,,
,,
,,
,,
,,
,,
,,
,,
,,
,,
,,
,,
,,
,,
,,
,,
,,
,,
,,
,,
,,
,,
,,
,,
